file,output
S1.log,"benign accuracy
0.8244654668261818
test1
4232
327
32775
57732
0.9282737442421584
0.6378733136663463
0.36212668633365375
0.07172625575784163
test1
Threshold: 0.3
True Positives: 4227
False Negatives: 332
False Positives: 3328
True Negatives: 87179
Accuracy
0.9615004312793217
True Positive Rate
0.9271770125027419
True Negative Rate
0.9632293634746484
False Positive Rate
0.03677063652535163
False Negative Rate
0.07282298749725817"
S2.log,"benign accuracy
0.8006725829051845
test1
15033
7
258395
124518
0.9995345744680851
0.32518613888794584
0.6748138611120542
0.00046542553191489364
test1
Threshold: 0.3
True Positives: 15029
False Negatives: 11
False Positives: 6165
True Negatives: 376748
Accuracy
0.9844805793648999
True Positive Rate
0.9992686170212766
True Negative Rate
0.9838997370159801
False Positive Rate
0.01610026298401987
False Negative Rate
0.0007313829787234042"
S3.log,"benign accuracy
0.7160156942682178
test1
5006
1
50654
72657
0.999800279608548
0.5892175069539619
0.4107824930460381
0.00019972039145196724
test1
Threshold: 0.3
True Positives: 5003
False Negatives: 4
False Positives: 12160
True Negatives: 111151
Accuracy
0.9052042581711062
True Positive Rate
0.9992011184341921
True Negative Rate
0.9013875485560899
False Positive Rate
0.0986124514439101
False Negative Rate
0.000798881565807869"
S4.log,"benign accuracy
0.7241774749520501
test1
17847
12
77601
30154
0.9993280698807324
0.2798385225743585
0.7201614774256415
0.0006719301192675962
test1
Threshold: 0.3
True Positives: 17842
False Negatives: 17
False Positives: 14982
True Negatives: 92773
Accuracy
0.8805945197191396
True Positive Rate
0.9990480989977042
True Negative Rate
0.860962368335576
False Positive Rate
0.13903763166442393
False Negative Rate
0.0009519010022957612"
